ticker,entity_name,fiscal_year_end,fiscal_year,revenue,revenue_tag,revenue_missing,cost_of_sales,cost_of_sales_tag,cost_of_sales_missing,sga,sga_tag,sga_missing,inventory,inventory_tag,inventory_missing,sga_pct_of_revenue,inventory_pct_of_revenue
DDS,"DILLARD’S, INC.",2009-01-31,2008,6988440000,Revenues,False,4827769000,CostOfRevenue,False,,,True,,,True,,
DDS,"DILLARD’S, INC.",2010-01-30,2009,6226628000,Revenues,False,4102892000,CostOfRevenue,False,,,True,1300680000.0,RetailRelatedInventoryMerchandise,False,,0.20889
DDS,"DILLARD’S, INC.",2011-01-29,2010,6258345000,Revenues,False,3980873000,CostOfRevenue,False,,,True,1290147000.0,RetailRelatedInventoryMerchandise,False,,0.206148
DDS,"DILLARD’S, INC.",2012-01-28,2011,6405484000,Revenues,False,4047269000,CostOfRevenue,False,,,True,1304124000.0,RetailRelatedInventoryMerchandise,False,,0.203595
DDS,"DILLARD’S, INC.",2013-02-02,2012,6751595000,Revenues,False,4247108000,CostOfRevenue,False,,,True,1294581000.0,RetailRelatedInventoryMerchandise,False,,0.191744
DDS,"DILLARD’S, INC.",2014-02-01,2013,6691777000,Revenues,False,4223715000,CostOfRevenue,False,,,True,1345321000.0,RetailRelatedInventoryMerchandise,False,,0.201041
DDS,"DILLARD’S, INC.",2015-01-31,2014,6780129000,Revenues,False,4272605000,CostOfRevenue,False,1663859000.0,SellingGeneralAndAdministrativeExpense,False,1374481000.0,RetailRelatedInventoryMerchandise,False,0.245402,0.202722
DDS,"DILLARD’S, INC.",2016-01-30,2015,6754545000,Revenues,False,4350805000,CostOfRevenue,False,1669916000.0,SellingGeneralAndAdministrativeExpense,False,1374505000.0,RetailRelatedInventoryMerchandise,False,0.247228,0.203493
DDS,"DILLARD’S, INC.",2017-01-28,2016,6418008000,Revenues,False,4166411000,CostOfGoodsAndServicesSold,False,1646775000.0,SellingGeneralAndAdministrativeExpense,False,1406403000.0,RetailRelatedInventoryMerchandise,False,0.256587,0.219134
DDS,"DILLARD’S, INC.",2018-02-03,2017,6422676000,Revenues,False,4199718000,CostOfGoodsAndServicesSold,False,1684916000.0,SellingGeneralAndAdministrativeExpense,False,1463561000.0,RetailRelatedInventoryMerchandise,False,0.262339,0.227874
DDS,"DILLARD’S, INC.",2019-02-02,2018,6503349000,Revenues,False,4291520000,CostOfGoodsAndServicesSold,False,1691180000.0,SellingGeneralAndAdministrativeExpense,False,1528417000.0,RetailRelatedInventoryMerchandise,False,0.260048,0.23502
DDS,"DILLARD’S, INC.",2020-02-01,2019,6343211000,Revenues,False,4235978000,CostOfGoodsAndServicesSold,False,1691017000.0,SellingGeneralAndAdministrativeExpense,False,1465007000.0,RetailRelatedInventoryMerchandise,False,0.266587,0.230957
DDS,"DILLARD’S, INC.",2021-01-30,2020,4433185000,Revenues,False,3069063000,CostOfGoodsAndServicesSold,False,1211483000.0,SellingGeneralAndAdministrativeExpense,False,1087763000.0,RetailRelatedInventoryMerchandise,False,0.273276,0.245368
DDS,"DILLARD’S, INC.",2022-01-29,2021,6492993000,RevenueFromContractWithCustomerExcludingAssessedTax,False,3747665000,CostOfGoodsAndServicesSold,False,1536554000.0,SellingGeneralAndAdministrativeExpense,False,1080178000.0,RetailRelatedInventoryMerchandise,False,0.236648,0.166361
DDS,"DILLARD’S, INC.",2023-01-28,2022,6871081000,RevenueFromContractWithCustomerExcludingAssessedTax,False,3983598000,CostOfRevenue,False,1674317000.0,SellingGeneralAndAdministrativeExpense,False,1120208000.0,RetailRelatedInventoryMerchandise,False,0.243676,0.163032
DDS,"DILLARD’S, INC.",2024-02-03,2023,6752053000,RevenueFromContractWithCustomerExcludingAssessedTax,False,4031108000,CostOfRevenue,False,1717415000.0,SellingGeneralAndAdministrativeExpense,False,1093999000.0,RetailRelatedInventoryMerchandise,False,0.254354,0.162025
DDS,"DILLARD’S, INC.",2025-02-01,2024,6482636000,RevenueFromContractWithCustomerExcludingAssessedTax,False,3919549000,CostOfRevenue,False,1731234000.0,SellingGeneralAndAdministrativeExpense,False,1172047000.0,RetailRelatedInventoryMerchandise,False,0.267057,0.180798
DDS,"DILLARD’S, INC.",2026-01-31,2025,6473623000,RevenueFromContractWithCustomerExcludingAssessedTax,False,3916862000,CostOfRevenue,False,1759236000.0,SellingGeneralAndAdministrativeExpense,False,1201098000.0,RetailRelatedInventoryMerchandise,False,0.271754,0.185537
KSS,KOHL'S CORP,2008-02-02,2007,16474000000,SalesRevenueNet,False,10460000000,CostOfGoodsSold,False,3697000000.0,SellingGeneralAndAdministrativeExpense,False,,,True,0.224414,
KSS,KOHL'S CORP,2009-01-31,2008,16389000000,SalesRevenueNet,False,10334000000,CostOfGoodsSold,False,3978000000.0,SellingGeneralAndAdministrativeExpense,False,2799000000.0,InventoryNet,False,0.242724,0.170785
KSS,KOHL'S CORP,2010-01-30,2009,17178000000,SalesRevenueNet,False,10680000000,CostOfGoodsSold,False,3951000000.0,SellingGeneralAndAdministrativeExpense,False,2923000000.0,InventoryNet,False,0.230003,0.17016
KSS,KOHL'S CORP,2011-01-29,2010,18391000000,SalesRevenueNet,False,11359000000,CostOfGoodsSold,False,4190000000.0,SellingGeneralAndAdministrativeExpense,False,3036000000.0,InventoryNet,False,0.227829,0.165081
KSS,KOHL'S CORP,2012-01-28,2011,18804000000,SalesRevenueNet,False,11625000000,CostOfGoodsSold,False,4243000000.0,SellingGeneralAndAdministrativeExpense,False,3216000000.0,InventoryNet,False,0.225643,0.171027
KSS,KOHL'S CORP,2013-02-02,2012,19279000000,SalesRevenueNet,False,12289000000,CostOfGoodsSold,False,4267000000.0,SellingGeneralAndAdministrativeExpense,False,3748000000.0,InventoryNet,False,0.221329,0.194408
KSS,KOHL'S CORP,2014-02-01,2013,19031000000,SalesRevenueNet,False,12087000000,CostOfGoodsSold,False,4313000000.0,SellingGeneralAndAdministrativeExpense,False,3874000000.0,InventoryNet,False,0.22663,0.203563
KSS,KOHL'S CORP,2015-01-31,2014,19023000000,SalesRevenueNet,False,12098000000,CostOfGoodsSold,False,4350000000.0,SellingGeneralAndAdministrativeExpense,False,3814000000.0,InventoryNet,False,0.228671,0.200494
KSS,KOHL'S CORP,2016-01-30,2015,19204000000,SalesRevenueNet,False,12265000000,CostOfGoodsSold,False,4452000000.0,SellingGeneralAndAdministrativeExpense,False,4038000000.0,InventoryNet,False,0.231827,0.210269
KSS,KOHL'S CORP,2017-01-28,2016,19681000000,RevenueFromContractWithCustomerExcludingAssessedTax,False,11944000000,CostOfGoodsAndServicesSold,False,5430000000.0,SellingGeneralAndAdministrativeExpense,False,3795000000.0,InventoryNet,False,0.275901,0.192826
KSS,KOHL'S CORP,2018-02-03,2017,20084000000,RevenueFromContractWithCustomerExcludingAssessedTax,False,12176000000,CostOfGoodsAndServicesSold,False,5501000000.0,SellingGeneralAndAdministrativeExpense,False,3542000000.0,InventoryNet,False,0.2739,0.176359
KSS,KOHL'S CORP,2019-02-02,2018,20229000000,RevenueFromContractWithCustomerExcludingAssessedTax,False,12199000000,CostOfGoodsAndServicesSold,False,5601000000.0,SellingGeneralAndAdministrativeExpense,False,3475000000.0,InventoryNet,False,0.27688,0.171783
KSS,KOHL'S CORP,2020-02-01,2019,19974000000,RevenueFromContractWithCustomerExcludingAssessedTax,False,12140000000,CostOfGoodsAndServicesSold,False,5705000000.0,SellingGeneralAndAdministrativeExpense,False,3537000000.0,InventoryNet,False,0.285621,0.17708
KSS,KOHL'S CORP,2021-01-30,2020,15955000000,RevenueFromContractWithCustomerExcludingAssessedTax,False,10360000000,CostOfGoodsAndServicesSold,False,5021000000.0,SellingGeneralAndAdministrativeExpense,False,2590000000.0,InventoryNet,False,0.314698,0.162332
KSS,KOHL'S CORP,2022-01-29,2021,19433000000,RevenueFromContractWithCustomerExcludingAssessedTax,False,11437000000,CostOfGoodsAndServicesSold,False,5478000000.0,SellingGeneralAndAdministrativeExpense,False,3067000000.0,InventoryNet,False,0.281892,0.157824
KSS,KOHL'S CORP,2023-01-28,2022,18098000000,RevenueFromContractWithCustomerExcludingAssessedTax,False,11457000000,CostOfGoodsAndServicesSold,False,5587000000.0,SellingGeneralAndAdministrativeExpense,False,3189000000.0,InventoryNet,False,0.308708,0.176207
KSS,KOHL'S CORP,2024-02-03,2023,17476000000,RevenueFromContractWithCustomerExcludingAssessedTax,False,10498000000,CostOfGoodsAndServicesSold,False,5512000000.0,SellingGeneralAndAdministrativeExpense,False,2880000000.0,InventoryNet,False,0.315404,0.164797
KSS,KOHL'S CORP,2025-02-01,2024,16221000000,RevenueFromContractWithCustomerExcludingAssessedTax,False,9661000000,CostOfGoodsAndServicesSold,False,5308000000.0,SellingGeneralAndAdministrativeExpense,False,2945000000.0,InventoryNet,False,0.32723,0.181555
KSS,KOHL'S CORP,2026-01-31,2025,15527000000,RevenueFromContractWithCustomerExcludingAssessedTax,False,9228000000,CostOfGoodsAndServicesSold,False,5089000000.0,SellingGeneralAndAdministrativeExpense,False,2745000000.0,InventoryNet,False,0.327752,0.176789
M,"Macy's, Inc.",2008-02-02,2007,26313000000,SalesRevenueNet,False,15677000000,CostOfGoodsAndServicesSold,False,8554000000.0,SellingGeneralAndAdministrativeExpense,False,,,True,0.325086,
M,"Macy's, Inc.",2009-01-31,2008,24892000000,SalesRevenueNet,False,15009000000,CostOfGoodsAndServicesSold,False,8481000000.0,SellingGeneralAndAdministrativeExpense,False,4769000000.0,InventoryFinishedGoods,False,0.340712,0.191588
M,"Macy's, Inc.",2010-01-30,2009,23489000000,SalesRevenueNet,False,13973000000,CostOfGoodsAndServicesSold,False,8062000000.0,SellingGeneralAndAdministrativeExpense,False,4615000000.0,InventoryFinishedGoods,False,0.343224,0.196475
M,"Macy's, Inc.",2011-01-29,2010,25003000000,SalesRevenueNet,False,14824000000,CostOfGoodsAndServicesSold,False,8260000000.0,SellingGeneralAndAdministrativeExpense,False,4758000000.0,InventoryFinishedGoods,False,0.33036,0.190297
M,"Macy's, Inc.",2012-01-28,2011,26405000000,SalesRevenueNet,False,15738000000,CostOfGoodsAndServicesSold,False,8281000000.0,SellingGeneralAndAdministrativeExpense,False,5117000000.0,InventoryFinishedGoods,False,0.313615,0.193789
M,"Macy's, Inc.",2013-02-02,2012,27686000000,SalesRevenueNet,False,16538000000,CostOfGoodsAndServicesSold,False,8482000000.0,SellingGeneralAndAdministrativeExpense,False,5308000000.0,InventoryFinishedGoods,False,0.306364,0.191721
M,"Macy's, Inc.",2014-02-01,2013,27931000000,SalesRevenueNet,False,16725000000,CostOfGoodsAndServicesSold,False,8440000000.0,SellingGeneralAndAdministrativeExpense,False,5557000000.0,InventoryFinishedGoods,False,0.302173,0.198955
M,"Macy's, Inc.",2015-01-31,2014,28105000000,SalesRevenueNet,False,16863000000,CostOfGoodsAndServicesSold,False,8355000000.0,SellingGeneralAndAdministrativeExpense,False,5417000000.0,InventoryFinishedGoods,False,0.297278,0.192742
M,"Macy's, Inc.",2016-01-30,2015,27079000000,SalesRevenueNet,False,16496000000,CostOfGoodsAndServicesSold,False,8468000000.0,SellingGeneralAndAdministrativeExpense,False,5506000000.0,InventoryFinishedGoods,False,0.312715,0.203331
M,"Macy's, Inc.",2017-01-28,2016,25908000000,RevenueFromContractWithCustomerExcludingAssessedTax,False,15666000000,CostOfGoodsAndServicesSold,False,9257000000.0,SellingGeneralAndAdministrativeExpense,False,5399000000.0,InventoryNet,False,0.357303,0.208391
M,"Macy's, Inc.",2018-02-03,2017,24939000000,RevenueFromContractWithCustomerExcludingAssessedTax,False,15181000000,CostOfGoodsAndServicesSold,False,8954000000.0,SellingGeneralAndAdministrativeExpense,False,5178000000.0,InventoryNet,False,0.359036,0.207627
M,"Macy's, Inc.",2019-02-02,2018,24971000000,RevenueFromContractWithCustomerExcludingAssessedTax,False,15215000000,CostOfGoodsAndServicesSold,False,9039000000.0,SellingGeneralAndAdministrativeExpense,False,5263000000.0,InventoryNet,False,0.36198,0.210764
M,"Macy's, Inc.",2020-02-01,2019,24560000000,RevenueFromContractWithCustomerExcludingAssessedTax,False,15171000000,CostOfGoodsAndServicesSold,False,8998000000.0,SellingGeneralAndAdministrativeExpense,False,5188000000.0,InventoryNet,False,0.366368,0.211238
M,"Macy's, Inc.",2021-01-30,2020,17346000000,RevenueFromContractWithCustomerExcludingAssessedTax,False,12286000000,CostOfGoodsAndServicesSold,False,6767000000.0,SellingGeneralAndAdministrativeExpense,False,3774000000.0,InventoryNet,False,0.390119,0.217572
M,"Macy's, Inc.",2022-01-29,2021,24460000000,RevenueFromContractWithCustomerExcludingAssessedTax,False,14956000000,CostOfGoodsAndServicesSold,False,8154000000.0,SellingGeneralAndAdministrativeExpense,False,4383000000.0,InventoryNet,False,0.333361,0.179191
M,"Macy's, Inc.",2023-01-28,2022,24442000000,RevenueFromContractWithCustomerExcludingAssessedTax,False,15347000000,CostOfGoodsAndServicesSold,False,8461000000.0,SellingGeneralAndAdministrativeExpense,False,4267000000.0,InventoryNet,False,0.346166,0.174577
M,"Macy's, Inc.",2024-02-03,2023,23092000000,RevenueFromContractWithCustomerExcludingAssessedTax,False,14224000000,CostOfGoodsAndServicesSold,False,8375000000.0,SellingGeneralAndAdministrativeExpense,False,4361000000.0,InventoryNet,False,0.36268,0.188853
M,"Macy's, Inc.",2025-02-01,2024,22293000000,RevenueFromContractWithCustomerExcludingAssessedTax,False,13740000000,CostOfGoodsAndServicesSold,False,8330000000.0,SellingGeneralAndAdministrativeExpense,False,4468000000.0,InventoryNet,False,0.37366,0.200422
M,"Macy's, Inc.",2026-01-31,2025,21764000000,RevenueFromContractWithCustomerExcludingAssessedTax,False,13497000000,CostOfGoodsAndServicesSold,False,8240000000.0,SellingGeneralAndAdministrativeExpense,False,4412000000.0,InventoryNet,False,0.378607,0.20272
